﻿designator,quantity,value,pack,mpn,mount_type
"D10, D11, D12, D13, D14, D15, D16, D17, D18, D19, D20, D4, D5, D6, D7, D8, D9",17,D_Small,SMA_SDS,,smt
"D21, D22, D23, D24, D25, D26, D27, D28, D29, D30, D31, D32, D33, D34, D35, D36, D37, D38, D39, D40, D41, D42, D43, D44, D45, D46, D47, D48, D49, D50, D51, D52, D53, D54, D55, D56, D57, D58, D59, D60, D61, D62, D63, D64, D65, D66, D67, D68",48,~,SMA_SDS,,smt
J1,1,FFC2B21-40-T_REVA,GCT_FFC2B21-40-T_REVA,,smt
J2,1,battery,PinHeader_1x2_P2mm_Drill1mm_RA,S2B-PH-K-S(LF)(SN),tht
"J3, J5",2,5530843-5,edgeport,,smt
J4,1,USB4105-GF-A,USB_C_Receptacle_GCT_USB4105-xx-A_16P_TopMnt_Horizontal,,smt
J7,1,640456-3,PinHeader_1x3_P2.54_Drill1.1mm,640456-3,tht
J8,1,Micro_SD_Card,msd-11-a,,smt
R1,1,1K,R_1206_3216Metric,,smt
"R10, R11",2,5.1k,R_1206_3216Metric,,smt
"R12, R13, R14, R15",4,2k,R_1206_3216Metric,,smt
"R16, R17, R2, R5, R6, R7, R9",7,10k,R_1206_3216Metric,,smt
"R3, R4",2,27,R_1206_3216Metric,,smt
R8,1,1k,R_1206_3216Metric,,smt
SW10,1,KP_MODLOCK,SW_Tactile_SPST_NO_Straight_CK_PTS636Sx25SMTRLFS,,smt
SW11,1,KP_LEFT,SW_Tactile_SPST_NO_Straight_CK_PTS636Sx25SMTRLFS,,smt
SW12,1,KP_OK,SW_Tactile_SPST_NO_Straight_CK_PTS636Sx25SMTRLFS,,smt
SW13,1,KP_RIGHT,SW_Tactile_SPST_NO_Straight_CK_PTS636Sx25SMTRLFS,,smt
SW14,1,KP_HELP,SW_Tactile_SPST_NO_Straight_CK_PTS636Sx25SMTRLFS,,smt
SW15,1,KP_PROG,SW_Tactile_SPST_NO_Straight_CK_PTS636Sx25SMTRLFS,,smt
SW16,1,KP_MENU,SW_Tactile_SPST_NO_Straight_CK_PTS636Sx25SMTRLFS,,smt
SW17,1,KP_BACK,SW_Tactile_SPST_NO_Straight_CK_PTS636Sx25SMTRLFS,,smt
SW18,1,KP_DOWN,SW_Tactile_SPST_NO_Straight_CK_PTS636Sx25SMTRLFS,,smt
SW19,1,KP_TASKS,SW_Tactile_SPST_NO_Straight_CK_PTS636Sx25SMTRLFS,,smt
SW2,1,PWR_SWITCH,SW_SPDT_CK-JS102011SAQN,,smt
SW20,1,KP_FUNCS,SW_Tactile_SPST_NO_Straight_CK_PTS636Sx25SMTRLFS,,smt
"SW21, SW22, SW23, SW24, SW25, SW26, SW27, SW28, SW29, SW30, SW31, SW32, SW33, SW34, SW35, SW36, SW37, SW38, SW39, SW40, SW41, SW42, SW43, SW44, SW45, SW46, SW47, SW48, SW49, SW50, SW51, SW52, SW53, SW54, SW55, SW56, SW57, SW58, SW59, SW60, SW61, SW62, SW63, SW64, SW65, SW66, SW67, SW68",48,~,SW_Tactile_SPST_NO_Straight_CK_PTS636Sx25SMTRLFS,,smt
SW4,1,KP_CTRL,SW_Tactile_SPST_NO_Straight_CK_PTS636Sx25SMTRLFS,,smt
SW5,1,KP_SHIFT,SW_Tactile_SPST_NO_Straight_CK_PTS636Sx25SMTRLFS,,smt
SW6,1,KP_UP,SW_Tactile_SPST_NO_Straight_CK_PTS636Sx25SMTRLFS,,smt
SW7,1,KP_HOME,SW_Tactile_SPST_NO_Straight_CK_PTS636Sx25SMTRLFS,,smt
SW8,1,KP_POWER,SW_Tactile_SPST_NO_Straight_CK_PTS636Sx25SMTRLFS,,smt
SW9,1,KP_ALT,SW_Tactile_SPST_NO_Straight_CK_PTS636Sx25SMTRLFS,,smt
TH1,1,battery thermistor,R_0201_0603Metric_Pad0.64x0.40mm_HandSolder,,smt
U1,1,RP2040,QFN-56-1EP_7x7mm_P0.4mm_EP3.2x3.2mm,,smt
U10,1,~,SOT-23_M3_MCH,,smt
"U11, U8",2,TPS22919DCKR,DCK0006A_N,,smt
U12,1,CD4053B,PW0016A_N,,smt
U13,1,FSUSB42MUX,MSOP-10_3x3mm_P0.5mm,,smt
"U14, U7",2,KTS1622EUAA-TR,TQFN44-24_KIN,,smt
U17,1,MODE_BTN,SW_Tactile_SPST_NO_Straight_CK_PTS636Sx25SMTRLFS,,smt
U18,1,SN74HCT373PWR,PW20,,smt
U2,1,BQ21040DBVR,DBV0006A_N,,smt
U3,1,TPS613221ADBVR,DBV0005A_N,,smt
U4,1,~,edge,,smt
U5,1,ESP32-C6-MINI-1-H4,ESP32-C6_EXP,,smt
U6,1,W25Q32JVSSIQ,SOIC-8_5P28X5P28_WIN,,smt
U9,1,FLASH_BTN,SW_Tactile_SPST_NO_Straight_CK_PTS636Sx25SMTRLFS,,smt
Y1,1,12MHz,Crystal_HC49-4H_Vertical,,tht
