﻿pos_x,pos_y,rotation,side,designator,mpn,pack,value,mount_type,place
39.0,-72.0,90.0,top,D10,,SMA_SDS,D_Small,smt,True
49.0,-72.0,90.0,top,D11,,SMA_SDS,D_Small,smt,True
59.0,-72.0,90.0,top,D12,,SMA_SDS,D_Small,smt,True
69.0,-72.0,90.0,top,D13,,SMA_SDS,D_Small,smt,True
79.0,-72.0,90.0,top,D14,,SMA_SDS,D_Small,smt,True
83.0,-72.0,90.0,top,D15,,SMA_SDS,D_Small,smt,True
27.0,-82.0,-90.0,top,D16,,SMA_SDS,D_Small,smt,True
44.0,-82.0,-90.0,top,D17,,SMA_SDS,D_Small,smt,True
59.0,-82.0,-90.0,top,D18,,SMA_SDS,D_Small,smt,True
74.0,-82.0,-90.0,top,D19,,SMA_SDS,D_Small,smt,True
83.0,-81.8951,-90.0,top,D20,,SMA_SDS,D_Small,smt,True
31.5,-117.25,-90.0,top,D21,,SMA_SDS,~,smt,True
31.5,-132.25,-90.0,top,D22,,SMA_SDS,~,smt,True
31.5,-147.25,-90.0,top,D23,,SMA_SDS,~,smt,True
31.5,-162.25,-90.0,top,D24,,SMA_SDS,~,smt,True
31.5,-177.25,-90.0,top,D25,,SMA_SDS,~,smt,True
31.5,-192.25,-90.0,top,D26,,SMA_SDS,~,smt,True
31.5,-207.25,-90.0,top,D27,,SMA_SDS,~,smt,True
31.5,-222.25,-90.0,top,D28,,SMA_SDS,~,smt,True
42.5,-117.25,-90.0,top,D29,,SMA_SDS,~,smt,True
42.5,-132.25,-90.0,top,D30,,SMA_SDS,~,smt,True
42.5,-147.25,-90.0,top,D31,,SMA_SDS,~,smt,True
42.5,-162.25,-90.0,top,D32,,SMA_SDS,~,smt,True
42.5,-177.25,-90.0,top,D33,,SMA_SDS,~,smt,True
42.5,-192.25,-90.0,top,D34,,SMA_SDS,~,smt,True
42.5,-207.25,-90.0,top,D35,,SMA_SDS,~,smt,True
42.5,-222.25,-90.0,top,D36,,SMA_SDS,~,smt,True
53.5,-117.25,-90.0,top,D37,,SMA_SDS,~,smt,True
53.5,-132.25,-90.0,top,D38,,SMA_SDS,~,smt,True
53.5,-147.25,-90.0,top,D39,,SMA_SDS,~,smt,True
27.0,-62.0,90.0,top,D4,,SMA_SDS,D_Small,smt,True
53.5,-162.25,-90.0,top,D40,,SMA_SDS,~,smt,True
53.5,-177.25,-90.0,top,D41,,SMA_SDS,~,smt,True
53.5,-192.25,-90.0,top,D42,,SMA_SDS,~,smt,True
53.5,-207.25,-90.0,top,D43,,SMA_SDS,~,smt,True
53.5,-222.25,-90.0,top,D44,,SMA_SDS,~,smt,True
64.5,-117.25,-90.0,top,D45,,SMA_SDS,~,smt,True
64.5,-132.25,-90.0,top,D46,,SMA_SDS,~,smt,True
64.5,-147.25,-90.0,top,D47,,SMA_SDS,~,smt,True
64.5,-162.25,-90.0,top,D48,,SMA_SDS,~,smt,True
64.5,-177.25,-90.0,top,D49,,SMA_SDS,~,smt,True
44.0,-62.1049,90.0,top,D5,,SMA_SDS,D_Small,smt,True
64.5,-192.25,-90.0,top,D50,,SMA_SDS,~,smt,True
64.5,-207.25,-90.0,top,D51,,SMA_SDS,~,smt,True
64.5,-222.25,-90.0,top,D52,,SMA_SDS,~,smt,True
75.5,-117.25,-90.0,top,D53,,SMA_SDS,~,smt,True
75.5,-132.25,-90.0,top,D54,,SMA_SDS,~,smt,True
75.5,-147.25,-90.0,top,D55,,SMA_SDS,~,smt,True
75.5,-162.25,-90.0,top,D56,,SMA_SDS,~,smt,True
75.5,-177.25,-90.0,top,D57,,SMA_SDS,~,smt,True
75.5,-192.25,-90.0,top,D58,,SMA_SDS,~,smt,True
75.5,-207.25,-90.0,top,D59,,SMA_SDS,~,smt,True
59.0,-62.0,90.0,top,D6,,SMA_SDS,D_Small,smt,True
75.5,-222.25,-90.0,top,D60,,SMA_SDS,~,smt,True
86.5,-117.25,-90.0,top,D61,,SMA_SDS,~,smt,True
86.5,-132.25,-90.0,top,D62,,SMA_SDS,~,smt,True
86.5,-147.25,-90.0,top,D63,,SMA_SDS,~,smt,True
86.5,-162.25,-90.0,top,D64,,SMA_SDS,~,smt,True
86.5,-177.25,-90.0,top,D65,,SMA_SDS,~,smt,True
86.5,-192.25,-90.0,top,D66,,SMA_SDS,~,smt,True
86.5,-207.25,-90.0,top,D67,,SMA_SDS,~,smt,True
86.5,-222.25,-90.0,top,D68,,SMA_SDS,~,smt,True
74.0,-62.0,90.0,top,D7,,SMA_SDS,D_Small,smt,True
83.0,-62.0,90.0,top,D8,,SMA_SDS,D_Small,smt,True
27.0,-72.0,90.0,top,D9,,SMA_SDS,D_Small,smt,True
42.875,-38.0,-90.0,top,J1,,GCT_FFC2B21-40-T_REVA,FFC2B21-40-T_REVA,smt,True
87.45,-43.02,90.0,bottom,J2,S2B-PH-K-S(LF)(SN),PinHeader_1x2_P2mm_Drill1mm_RA,battery,tht,True
54.9375,-92.0,0.0,top,J3,,edgeport,5530843-5,smt,True
24.0,-26.0,-90.0,top,J4,,USB_C_Receptacle_GCT_USB4105-xx-A_16P_TopMnt_Horizontal,USB4105-GF-A,smt,True
55.0,-232.75,0.0,top,J5,,edgeport,5530843-5,smt,True
52.46,-52.0,0.0,top,J7,640456-3,PinHeader_1x3_P2.54_Drill1.1mm,640456-3,tht,True
84.8375,-27.1125,-90.0,bottom,J8,,msd-11-a,Micro_SD_Card,smt,True
87.6875,-52.625,-90.0,top,R1,,R_1206_3216Metric,1K,smt,True
32.0,-22.0,0.0,top,R10,,R_1206_3216Metric,5.1k,smt,True
32.0,-31.0,180.0,top,R11,,R_1206_3216Metric,5.1k,smt,True
75.25,-37.9375,180.0,top,R12,,R_1206_3216Metric,2k,smt,True
70.4,-38.125,0.0,top,R13,,R_1206_3216Metric,2k,smt,True
67.4375,-34.1875,-90.0,top,R14,,R_1206_3216Metric,2k,smt,True
71.1875,-34.375,-90.0,top,R15,,R_1206_3216Metric,2k,smt,True
31.875,-36.6875,180.0,top,R16,,R_1206_3216Metric,10k,smt,True
81.0625,-49.5,-90.0,top,R17,,R_1206_3216Metric,10k,smt,True
72.125,-53.275,-90.0,top,R2,,R_1206_3216Metric,10k,smt,True
51.0,-27.0,-90.0,bottom,R3,,R_1206_3216Metric,27,smt,True
53.25,-27.0,-90.0,bottom,R4,,R_1206_3216Metric,27,smt,True
60.125,-30.625,-90.0,top,R5,,R_1206_3216Metric,10k,smt,True
29.125,-41.0,180.0,top,R6,,R_1206_3216Metric,10k,smt,True
44.0,-22.8125,180.0,top,R7,,R_1206_3216Metric,10k,smt,True
40.3125,-31.6875,-90.0,bottom,R8,,R_1206_3216Metric,1k,smt,True
57.6875,-31.25,-90.0,top,R9,,R_1206_3216Metric,10k,smt,True
35.0,-72.0,90.0,top,SW10,,SW_Tactile_SPST_NO_Straight_CK_PTS636Sx25SMTRLFS,KP_MODLOCK,smt,True
45.0,-72.0,90.0,top,SW11,,SW_Tactile_SPST_NO_Straight_CK_PTS636Sx25SMTRLFS,KP_LEFT,smt,True
55.0,-72.0,90.0,top,SW12,,SW_Tactile_SPST_NO_Straight_CK_PTS636Sx25SMTRLFS,KP_OK,smt,True
65.0,-72.0,90.0,top,SW13,,SW_Tactile_SPST_NO_Straight_CK_PTS636Sx25SMTRLFS,KP_RIGHT,smt,True
75.0,-72.0,90.0,top,SW14,,SW_Tactile_SPST_NO_Straight_CK_PTS636Sx25SMTRLFS,KP_HELP,smt,True
87.0,-72.0,90.0,top,SW15,,SW_Tactile_SPST_NO_Straight_CK_PTS636Sx25SMTRLFS,KP_PROG,smt,True
23.0,-82.0,-90.0,top,SW16,,SW_Tactile_SPST_NO_Straight_CK_PTS636Sx25SMTRLFS,KP_MENU,smt,True
40.0,-82.0,-90.0,top,SW17,,SW_Tactile_SPST_NO_Straight_CK_PTS636Sx25SMTRLFS,KP_BACK,smt,True
55.0,-82.0,-90.0,top,SW18,,SW_Tactile_SPST_NO_Straight_CK_PTS636Sx25SMTRLFS,KP_DOWN,smt,True
70.0,-82.0,-90.0,top,SW19,,SW_Tactile_SPST_NO_Straight_CK_PTS636Sx25SMTRLFS,KP_TASKS,smt,True
87.8125,-53.125,-90.0,bottom,SW2,,SW_SPDT_CK-JS102011SAQN,PWR_SWITCH,smt,True
87.0,-82.0,-90.0,top,SW20,,SW_Tactile_SPST_NO_Straight_CK_PTS636Sx25SMTRLFS,KP_FUNCS,smt,True
27.5,-117.25,90.0,top,SW21,,SW_Tactile_SPST_NO_Straight_CK_PTS636Sx25SMTRLFS,~,smt,True
27.5,-132.25,90.0,top,SW22,,SW_Tactile_SPST_NO_Straight_CK_PTS636Sx25SMTRLFS,~,smt,True
27.5,-147.25,90.0,top,SW23,,SW_Tactile_SPST_NO_Straight_CK_PTS636Sx25SMTRLFS,~,smt,True
27.5,-162.25,90.0,top,SW24,,SW_Tactile_SPST_NO_Straight_CK_PTS636Sx25SMTRLFS,~,smt,True
27.5,-177.25,90.0,top,SW25,,SW_Tactile_SPST_NO_Straight_CK_PTS636Sx25SMTRLFS,~,smt,True
27.5,-192.25,90.0,top,SW26,,SW_Tactile_SPST_NO_Straight_CK_PTS636Sx25SMTRLFS,~,smt,True
27.5,-207.25,90.0,top,SW27,,SW_Tactile_SPST_NO_Straight_CK_PTS636Sx25SMTRLFS,~,smt,True
27.5,-222.25,90.0,top,SW28,,SW_Tactile_SPST_NO_Straight_CK_PTS636Sx25SMTRLFS,~,smt,True
38.5,-117.25,90.0,top,SW29,,SW_Tactile_SPST_NO_Straight_CK_PTS636Sx25SMTRLFS,~,smt,True
38.5,-132.25,90.0,top,SW30,,SW_Tactile_SPST_NO_Straight_CK_PTS636Sx25SMTRLFS,~,smt,True
38.5,-147.25,90.0,top,SW31,,SW_Tactile_SPST_NO_Straight_CK_PTS636Sx25SMTRLFS,~,smt,True
38.5,-162.25,90.0,top,SW32,,SW_Tactile_SPST_NO_Straight_CK_PTS636Sx25SMTRLFS,~,smt,True
38.5,-177.25,90.0,top,SW33,,SW_Tactile_SPST_NO_Straight_CK_PTS636Sx25SMTRLFS,~,smt,True
38.5,-192.25,90.0,top,SW34,,SW_Tactile_SPST_NO_Straight_CK_PTS636Sx25SMTRLFS,~,smt,True
38.5,-207.25,90.0,top,SW35,,SW_Tactile_SPST_NO_Straight_CK_PTS636Sx25SMTRLFS,~,smt,True
38.5,-222.25,90.0,top,SW36,,SW_Tactile_SPST_NO_Straight_CK_PTS636Sx25SMTRLFS,~,smt,True
49.5,-117.25,90.0,top,SW37,,SW_Tactile_SPST_NO_Straight_CK_PTS636Sx25SMTRLFS,~,smt,True
49.5,-132.25,90.0,top,SW38,,SW_Tactile_SPST_NO_Straight_CK_PTS636Sx25SMTRLFS,~,smt,True
49.5,-147.25,90.0,top,SW39,,SW_Tactile_SPST_NO_Straight_CK_PTS636Sx25SMTRLFS,~,smt,True
23.0,-62.0,90.0,top,SW4,,SW_Tactile_SPST_NO_Straight_CK_PTS636Sx25SMTRLFS,KP_CTRL,smt,True
49.5,-162.25,90.0,top,SW40,,SW_Tactile_SPST_NO_Straight_CK_PTS636Sx25SMTRLFS,~,smt,True
49.5,-177.25,90.0,top,SW41,,SW_Tactile_SPST_NO_Straight_CK_PTS636Sx25SMTRLFS,~,smt,True
49.5,-192.25,90.0,top,SW42,,SW_Tactile_SPST_NO_Straight_CK_PTS636Sx25SMTRLFS,~,smt,True
49.5,-207.25,90.0,top,SW43,,SW_Tactile_SPST_NO_Straight_CK_PTS636Sx25SMTRLFS,~,smt,True
49.5,-222.25,90.0,top,SW44,,SW_Tactile_SPST_NO_Straight_CK_PTS636Sx25SMTRLFS,~,smt,True
60.5,-117.25,90.0,top,SW45,,SW_Tactile_SPST_NO_Straight_CK_PTS636Sx25SMTRLFS,~,smt,True
60.5,-132.25,90.0,top,SW46,,SW_Tactile_SPST_NO_Straight_CK_PTS636Sx25SMTRLFS,~,smt,True
60.5,-147.25,90.0,top,SW47,,SW_Tactile_SPST_NO_Straight_CK_PTS636Sx25SMTRLFS,~,smt,True
60.5,-162.25,90.0,top,SW48,,SW_Tactile_SPST_NO_Straight_CK_PTS636Sx25SMTRLFS,~,smt,True
60.5,-177.25,90.0,top,SW49,,SW_Tactile_SPST_NO_Straight_CK_PTS636Sx25SMTRLFS,~,smt,True
40.0,-62.0,90.0,top,SW5,,SW_Tactile_SPST_NO_Straight_CK_PTS636Sx25SMTRLFS,KP_SHIFT,smt,True
60.5,-192.25,90.0,top,SW50,,SW_Tactile_SPST_NO_Straight_CK_PTS636Sx25SMTRLFS,~,smt,True
60.5,-207.25,90.0,top,SW51,,SW_Tactile_SPST_NO_Straight_CK_PTS636Sx25SMTRLFS,~,smt,True
60.5,-222.25,90.0,top,SW52,,SW_Tactile_SPST_NO_Straight_CK_PTS636Sx25SMTRLFS,~,smt,True
71.5,-117.25,90.0,top,SW53,,SW_Tactile_SPST_NO_Straight_CK_PTS636Sx25SMTRLFS,~,smt,True
71.5,-132.25,90.0,top,SW54,,SW_Tactile_SPST_NO_Straight_CK_PTS636Sx25SMTRLFS,~,smt,True
71.5,-147.25,90.0,top,SW55,,SW_Tactile_SPST_NO_Straight_CK_PTS636Sx25SMTRLFS,~,smt,True
71.5,-162.25,90.0,top,SW56,,SW_Tactile_SPST_NO_Straight_CK_PTS636Sx25SMTRLFS,~,smt,True
71.5,-177.25,90.0,top,SW57,,SW_Tactile_SPST_NO_Straight_CK_PTS636Sx25SMTRLFS,~,smt,True
71.5,-192.25,90.0,top,SW58,,SW_Tactile_SPST_NO_Straight_CK_PTS636Sx25SMTRLFS,~,smt,True
71.5,-207.25,90.0,top,SW59,,SW_Tactile_SPST_NO_Straight_CK_PTS636Sx25SMTRLFS,~,smt,True
55.0,-62.0,90.0,top,SW6,,SW_Tactile_SPST_NO_Straight_CK_PTS636Sx25SMTRLFS,KP_UP,smt,True
71.5,-222.25,90.0,top,SW60,,SW_Tactile_SPST_NO_Straight_CK_PTS636Sx25SMTRLFS,~,smt,True
82.5,-117.25,90.0,top,SW61,,SW_Tactile_SPST_NO_Straight_CK_PTS636Sx25SMTRLFS,~,smt,True
82.5,-132.25,90.0,top,SW62,,SW_Tactile_SPST_NO_Straight_CK_PTS636Sx25SMTRLFS,~,smt,True
82.5,-147.25,90.0,top,SW63,,SW_Tactile_SPST_NO_Straight_CK_PTS636Sx25SMTRLFS,~,smt,True
82.5,-162.25,90.0,top,SW64,,SW_Tactile_SPST_NO_Straight_CK_PTS636Sx25SMTRLFS,~,smt,True
82.5,-177.25,90.0,top,SW65,,SW_Tactile_SPST_NO_Straight_CK_PTS636Sx25SMTRLFS,~,smt,True
82.5,-192.25,90.0,top,SW66,,SW_Tactile_SPST_NO_Straight_CK_PTS636Sx25SMTRLFS,~,smt,True
82.5,-207.25,90.0,top,SW67,,SW_Tactile_SPST_NO_Straight_CK_PTS636Sx25SMTRLFS,~,smt,True
82.5,-222.25,90.0,top,SW68,,SW_Tactile_SPST_NO_Straight_CK_PTS636Sx25SMTRLFS,~,smt,True
70.0,-62.0,90.0,top,SW7,,SW_Tactile_SPST_NO_Straight_CK_PTS636Sx25SMTRLFS,KP_HOME,smt,True
87.0,-62.0,90.0,top,SW8,,SW_Tactile_SPST_NO_Straight_CK_PTS636Sx25SMTRLFS,KP_POWER,smt,True
23.0,-72.0,90.0,top,SW9,,SW_Tactile_SPST_NO_Straight_CK_PTS636Sx25SMTRLFS,KP_ALT,smt,True
78.625,-39.875,180.0,bottom,TH1,,R_0201_0603Metric_Pad0.64x0.40mm_HandSolder,battery thermistor,smt,True
52.0,-34.7812,0.0,top,U1,,QFN-56-1EP_7x7mm_P0.4mm_EP3.2x3.2mm,RP2040,smt,True
84.0625,-53.4375,-90.0,top,U10,,SOT-23_M3_MCH,~,smt,True
32.0,-34.0,-90.0,top,U11,,DCK0006A_N,TPS22919DCKR,smt,True
32.125,-45.375,180.0,bottom,U12,,PW0016A_N,CD4053B,smt,True
35.0,-27.0,0.0,bottom,U13,,MSOP-10_3x3mm_P0.5mm,FSUSB42MUX,smt,True
76.0,-50.0,180.0,bottom,U14,,TQFN44-24_KIN,KTS1622EUAA-TR,smt,True
61.0,-52.0,-90.0,bottom,U17,,SW_Tactile_SPST_NO_Straight_CK_PTS636Sx25SMTRLFS,MODE_BTN,smt,True
31.9306,-37.675,180.0,bottom,U18,,PW20,SN74HCT373PWR,smt,True
87.95,-47.0,-90.0,top,U2,,DBV0006A_N,BQ21040DBVR,smt,True
84.0,-47.0,-90.0,top,U3,,DBV0005A_N,TPS613221ADBVR,smt,True
55.0,-101.75,0.0,top,U4,,edge,~,smt,True
68.3621,-23.2109,0.0,top,U5,,ESP32-C6_EXP,ESP32-C6-MINI-1-H4,smt,True
51.0,-25.0,0.0,top,U6,,SOIC-8_5P28X5P28_WIN,W25Q32JVSSIQ,smt,True
67.0,-50.0,180.0,bottom,U7,,TQFN44-24_KIN,KTS1622EUAA-TR,smt,True
84.0625,-50.375,0.0,top,U8,,DCK0006A_N,TPS22919DCKR,smt,True
49.0,-52.0,-90.0,bottom,U9,,SW_Tactile_SPST_NO_Straight_CK_PTS636Sx25SMTRLFS,FLASH_BTN,smt,True
47.55,-41.75,0.0,top,Y1,,Crystal_HC49-4H_Vertical,12MHz,tht,True
61.0,-40.0,0.0,top,mnt3,,MountingHole_2.2mm_M2,MountingHole_2.2mm_M2,tht,False
