﻿pos_x,pos_y,rotation,side,designator,mpn,pack,value,mount_type,place
88.625,-30.8975,-90.0,bottom,D1,,LED_D3.0mm_Horizontal_O1.27mm_Z2.0mm,charge led,tht,True
39.0,-72.0,90.0,top,D10,,SMA_SDS,D_Small,smt,True
49.0,-72.0,90.0,top,D11,,SMA_SDS,D_Small,smt,True
59.0,-72.0,90.0,top,D12,,SMA_SDS,D_Small,smt,True
69.0,-72.0,90.0,top,D13,,SMA_SDS,D_Small,smt,True
79.0,-72.0,90.0,top,D14,,SMA_SDS,D_Small,smt,True
83.0,-72.0,90.0,top,D15,,SMA_SDS,D_Small,smt,True
27.0,-82.0,-90.0,top,D16,,SMA_SDS,D_Small,smt,True
44.0,-82.0,-90.0,top,D17,,SMA_SDS,D_Small,smt,True
59.0,-82.0,-90.0,top,D18,,SMA_SDS,D_Small,smt,True
74.0,-82.0,-90.0,top,D19,,SMA_SDS,D_Small,smt,True
83.0,-81.8951,-90.0,top,D20,,SMA_SDS,D_Small,smt,True
27.0,-62.0,90.0,top,D4,,SMA_SDS,D_Small,smt,True
44.0,-62.1049,90.0,top,D5,,SMA_SDS,D_Small,smt,True
59.0,-62.0,90.0,top,D6,,SMA_SDS,D_Small,smt,True
74.0,-62.0,90.0,top,D7,,SMA_SDS,D_Small,smt,True
83.0,-62.0,90.0,top,D8,,SMA_SDS,D_Small,smt,True
27.0,-72.0,90.0,top,D9,,SMA_SDS,D_Small,smt,True
42.875,-38.0,-90.0,top,J1,,GCT_FFC2B21-40-T_REVA,FFC2B21-40-T_REVA,smt,True
87.45,-43.02,90.0,bottom,J2,S2B-PH-K-S(LF)(SN),PinHeader_1x2_P2mm_Drill1mm_RA,battery,tht,True
54.915,-91.9375,0.0,top,J3,,TE_5530843-5,5530843-5,tht,True
24.0,-26.0,-90.0,top,J4,,USB_C_Receptacle_GCT_USB4105-xx-A_16P_TopMnt_Horizontal,USB4105-GF-A,smt,True
83.6875,-30.0,180.0,top,R1,,R_1206_3216Metric,1K,smt,True
32.0,-22.0,0.0,top,R10,,R_1206_3216Metric,5.1k,smt,True
32.0,-31.0,180.0,top,R11,,R_1206_3216Metric,5.1k,smt,True
75.25,-37.9375,180.0,top,R12,,R_1206_3216Metric,2k,smt,True
70.6875,-37.9375,0.0,top,R13,,R_1206_3216Metric,2k,smt,True
67.4375,-34.1875,-90.0,top,R14,,R_1206_3216Metric,2k,smt,True
71.1875,-34.375,-90.0,top,R15,,R_1206_3216Metric,2k,smt,True
31.875,-36.6875,180.0,top,R16,,R_1206_3216Metric,10k,smt,True
81.0625,-49.5,-90.0,top,R17,,R_1206_3216Metric,10k,smt,True
88.625,-37.5,-90.0,top,R2,,R_1206_3216Metric,1.5k,smt,True
51.0,-27.0,-90.0,bottom,R3,,R_1206_3216Metric,27,smt,True
53.25,-27.0,-90.0,bottom,R4,,R_1206_3216Metric,27,smt,True
64.0,-26.0,-90.0,top,R5,,R_1206_3216Metric,10k,smt,True
29.125,-41.0,180.0,top,R6,,R_1206_3216Metric,10k,smt,True
44.0,-22.8125,180.0,top,R7,,R_1206_3216Metric,10k,smt,True
40.3125,-31.6875,-90.0,bottom,R8,,R_1206_3216Metric,1k,smt,True
61.0,-27.0,-90.0,top,R9,,R_1206_3216Metric,10k,smt,True
35.0,-72.0,90.0,top,SW10,,SW_Tactile_SPST_NO_Straight_CK_PTS636Sx25SMTRLFS,KP_MODLOCK,smt,True
45.0,-72.0,90.0,top,SW11,,SW_Tactile_SPST_NO_Straight_CK_PTS636Sx25SMTRLFS,KP_LEFT,smt,True
55.0,-72.0,90.0,top,SW12,,SW_Tactile_SPST_NO_Straight_CK_PTS636Sx25SMTRLFS,KP_OK,smt,True
65.0,-72.0,90.0,top,SW13,,SW_Tactile_SPST_NO_Straight_CK_PTS636Sx25SMTRLFS,KP_RIGHT,smt,True
75.0,-72.0,90.0,top,SW14,,SW_Tactile_SPST_NO_Straight_CK_PTS636Sx25SMTRLFS,KP_HELP,smt,True
87.0,-72.0,90.0,top,SW15,,SW_Tactile_SPST_NO_Straight_CK_PTS636Sx25SMTRLFS,KP_FUNCS,smt,True
23.0,-82.0,-90.0,top,SW16,,SW_Tactile_SPST_NO_Straight_CK_PTS636Sx25SMTRLFS,KP_MENU,smt,True
40.0,-82.0,-90.0,top,SW17,,SW_Tactile_SPST_NO_Straight_CK_PTS636Sx25SMTRLFS,KP_BACK,smt,True
55.0,-82.0,-90.0,top,SW18,,SW_Tactile_SPST_NO_Straight_CK_PTS636Sx25SMTRLFS,KP_DOWN,smt,True
70.0,-82.0,-90.0,top,SW19,,SW_Tactile_SPST_NO_Straight_CK_PTS636Sx25SMTRLFS,KP_TASKS,smt,True
22.0,-41.0,-90.0,top,SW2,,SW_SPDT_CK-JS102011SAQN,MODE_SWITCH,smt,True
87.0,-82.0,-90.0,top,SW20,,SW_Tactile_SPST_NO_Straight_CK_PTS636Sx25SMTRLFS,KP_LINK,smt,True
23.0,-62.0,90.0,top,SW4,,SW_Tactile_SPST_NO_Straight_CK_PTS636Sx25SMTRLFS,KP_CTRL,smt,True
40.0,-62.0,90.0,top,SW5,,SW_Tactile_SPST_NO_Straight_CK_PTS636Sx25SMTRLFS,KP_SHIFT,smt,True
55.0,-62.0,90.0,top,SW6,,SW_Tactile_SPST_NO_Straight_CK_PTS636Sx25SMTRLFS,KP_UP,smt,True
70.0,-62.0,90.0,top,SW7,,SW_Tactile_SPST_NO_Straight_CK_PTS636Sx25SMTRLFS,KP_HOME,smt,True
87.0,-62.0,90.0,top,SW8,,SW_Tactile_SPST_NO_Straight_CK_PTS636Sx25SMTRLFS,KP_PROG,smt,True
23.0,-72.0,90.0,top,SW9,,SW_Tactile_SPST_NO_Straight_CK_PTS636Sx25SMTRLFS,KP_ALT,smt,True
79.0,-35.0,180.0,bottom,TH1,,R_0201_0603Metric_Pad0.64x0.40mm_HandSolder,battery thermistor,smt,True
52.0,-34.78125,0.0,top,U1,,QFN-56-1EP_7x7mm_P0.4mm_EP3.2x3.2mm,RP2040,smt,True
84.0625,-53.375,-90.0,top,U10,,SOT-23_M3_MCH,~,smt,True
32.0,-34.0,-90.0,top,U11,,DCK0006A_N,TPS22919DCKR,smt,True
32.125,-45.375,180.0,bottom,U12,,PW0016A_N,CD4053B,smt,True
35.0,-27.0,0.0,bottom,U13,,MSOP-10_3x3mm_P0.5mm,FSUSB42MUX,smt,True
76.0,-50.0,180.0,bottom,U14,,TQFN44-24_KIN,KTS1622EUAA-TR,smt,True
61.0,-52.0,-90.0,bottom,U17,,SW_Tactile_SPST_NO_Straight_CK_PTS636Sx25SMTRLFS,RESET_BTN,smt,True
31.9306,-37.675,180.0,bottom,U18,,PW20,SN74HCT373PWR,smt,True
85.0,-36.0,90.0,top,U2,,DBV0006A_N,BQ21040DBVR,smt,True
84.0,-47.0,-90.0,top,U3,,DBV0005A_N,TPS613221ADBVR,smt,True
73.0,-23.210928,0.0,top,U5,,ESP32-C6_EXP,ESP32-C6-MINI-1-H4,smt,True
51.0,-25.0,0.0,top,U6,,SOIC-8_5P28X5P28_WIN,W25Q32JVSSIQ,smt,True
67.0,-50.0,180.0,bottom,U7,,TQFN44-24_KIN,KTS1622EUAA-TR,smt,True
84.0625,-50.375,0.0,top,U8,,DCK0006A_N,TPS22919DCKR,smt,True
49.0,-52.0,-90.0,bottom,U9,,SW_Tactile_SPST_NO_Straight_CK_PTS636Sx25SMTRLFS,FLASH_BTN,smt,True
47.55,-41.75,0.0,top,Y1,,Crystal_HC49-4H_Vertical,12MHz,tht,True
