﻿designator,quantity,value,pack,mpn,mount_type
D1,1,charge led,LED_D3.0mm_Horizontal_O1.27mm_Z2.0mm,,tht
"D10, D11, D12, D13, D14, D15, D16, D17, D18, D19, D20, D4, D5, D6, D7, D8, D9",17,D_Small,SMA_SDS,,smt
J1,1,FFC2B21-40-T_REVA,GCT_FFC2B21-40-T_REVA,,smt
J2,1,battery,PinHeader_1x2_P2mm_Drill1mm_RA,S2B-PH-K-S(LF)(SN),tht
J3,1,5530843-5,TE_5530843-5,,tht
J4,1,USB4105-GF-A,USB_C_Receptacle_GCT_USB4105-xx-A_16P_TopMnt_Horizontal,,smt
R1,1,1K,R_1206_3216Metric,,smt
"R10, R11",2,5.1k,R_1206_3216Metric,,smt
"R12, R13, R14, R15",4,2k,R_1206_3216Metric,,smt
"R16, R17, R5, R6, R7, R9",6,10k,R_1206_3216Metric,,smt
R2,1,1.5k,R_1206_3216Metric,,smt
"R3, R4",2,27,R_1206_3216Metric,,smt
R8,1,1k,R_1206_3216Metric,,smt
SW10,1,KP_MODLOCK,SW_Tactile_SPST_NO_Straight_CK_PTS636Sx25SMTRLFS,,smt
SW11,1,KP_LEFT,SW_Tactile_SPST_NO_Straight_CK_PTS636Sx25SMTRLFS,,smt
SW12,1,KP_OK,SW_Tactile_SPST_NO_Straight_CK_PTS636Sx25SMTRLFS,,smt
SW13,1,KP_RIGHT,SW_Tactile_SPST_NO_Straight_CK_PTS636Sx25SMTRLFS,,smt
SW14,1,KP_HELP,SW_Tactile_SPST_NO_Straight_CK_PTS636Sx25SMTRLFS,,smt
SW15,1,KP_FUNCS,SW_Tactile_SPST_NO_Straight_CK_PTS636Sx25SMTRLFS,,smt
SW16,1,KP_MENU,SW_Tactile_SPST_NO_Straight_CK_PTS636Sx25SMTRLFS,,smt
SW17,1,KP_BACK,SW_Tactile_SPST_NO_Straight_CK_PTS636Sx25SMTRLFS,,smt
SW18,1,KP_DOWN,SW_Tactile_SPST_NO_Straight_CK_PTS636Sx25SMTRLFS,,smt
SW19,1,KP_TASKS,SW_Tactile_SPST_NO_Straight_CK_PTS636Sx25SMTRLFS,,smt
SW2,1,MODE_SWITCH,SW_SPDT_CK-JS102011SAQN,,smt
SW20,1,KP_LINK,SW_Tactile_SPST_NO_Straight_CK_PTS636Sx25SMTRLFS,,smt
SW4,1,KP_CTRL,SW_Tactile_SPST_NO_Straight_CK_PTS636Sx25SMTRLFS,,smt
SW5,1,KP_SHIFT,SW_Tactile_SPST_NO_Straight_CK_PTS636Sx25SMTRLFS,,smt
SW6,1,KP_UP,SW_Tactile_SPST_NO_Straight_CK_PTS636Sx25SMTRLFS,,smt
SW7,1,KP_HOME,SW_Tactile_SPST_NO_Straight_CK_PTS636Sx25SMTRLFS,,smt
SW8,1,KP_PROG,SW_Tactile_SPST_NO_Straight_CK_PTS636Sx25SMTRLFS,,smt
SW9,1,KP_ALT,SW_Tactile_SPST_NO_Straight_CK_PTS636Sx25SMTRLFS,,smt
TH1,1,battery thermistor,R_0201_0603Metric_Pad0.64x0.40mm_HandSolder,,smt
U1,1,RP2040,QFN-56-1EP_7x7mm_P0.4mm_EP3.2x3.2mm,,smt
U10,1,~,SOT-23_M3_MCH,,smt
"U11, U8",2,TPS22919DCKR,DCK0006A_N,,smt
U12,1,CD4053B,PW0016A_N,,smt
U13,1,FSUSB42MUX,MSOP-10_3x3mm_P0.5mm,,smt
"U14, U7",2,KTS1622EUAA-TR,TQFN44-24_KIN,,smt
U17,1,RESET_BTN,SW_Tactile_SPST_NO_Straight_CK_PTS636Sx25SMTRLFS,,smt
U18,1,SN74HCT373PWR,PW20,,smt
U2,1,BQ21040DBVR,DBV0006A_N,,smt
U3,1,TPS613221ADBVR,DBV0005A_N,,smt
U5,1,ESP32-C6-MINI-1-H4,ESP32-C6_EXP,,smt
U6,1,W25Q32JVSSIQ,SOIC-8_5P28X5P28_WIN,,smt
U9,1,FLASH_BTN,SW_Tactile_SPST_NO_Straight_CK_PTS636Sx25SMTRLFS,,smt
Y1,1,12MHz,Crystal_HC49-4H_Vertical,,tht
